,Title,Genre,Production,Actor,Producer,Rate,Rate_percent,Imdb
0,هفته ای یک بار آدم باش,خانوادگی - کمدی,1399,"['پژمان جمشیدی', 'رعنا آزادی ور', 'ساغر قناعت', 'علیرضا استادی', 'شیرین یزدان بخش', 'هوشنگ رادی پور', 'پژمان بازغی']",شهرام شاه حسینی,,به زودی,اکران آنلاین
1,خورشید هر روز از قرقی طلوع می کند,مستند - اجتماعی,1400,,یحیی آزادی,12,85%,
2,بچه خور,فیلم کوتاه,1397,"['علیرضا حکیمی', 'علیرضا مهران', 'فرحانه سبحانی', 'علی بحری', 'بهرام ابراهیمی']",محمد کارت,12482,91%,
3,یک کار نیمه مردانه,مستند - اجتماعی,1400,,مسعود کارگر,41,92%,
4,فیلیموشات: محمدحسین مهدویان,تاک شو - هاردتاک,1400,,,922,92%,
5,بوتاکس,خانوادگی - اجتماعی,1398,"['سوسن پرور', 'مهدخت مولایی', 'سروش سعیدی', 'مرتضی خانجانی', 'محسن کیانی']",کاوه مظاهری,4634,48%,4.9
6,هرماس,خانوادگی - اجتماعی,1399,"['برزو ارجمند', 'شیدا خلیق', 'علیرام نورایی', 'فریبا کوثری', 'شبنم قلی خانی', 'بهنوش بختیاری', 'مریم بوبانی', 'رضا رویگری', 'علی باقری']",مهدی صاحبی,1035,اکران آنلاین,68%
7,پری سا,خانوادگی - اجتماعی,1399,"['عباس غزالی', 'بهاره افشاری', 'ترلان پروانه', 'شقایق فراهانی', 'حمید گودرزی', 'مارال فرجاد', 'صحرا اسدالهی']",محمدرضا رحمانی,7338,65%,
8,از رئیس جمهور پاداش نگیرید,خانوادگی - کمدی,1387,"['حسن معجونی', 'آتیلا پسیانی', 'آشا محرابی', 'بهمن زرین پور', 'صابر ابر', 'اصغر نقی زاده', 'رضا بهبودی', 'احمد آقالو']",کمال تبریزی,4311,67%,2.9
9,قیصر، چهل سال بعد - پشت صحنه,مستند - بیوگرافی,1388,,مسعود نجفی,77,88%,
10,قیصر، چهل سال بعد,مستند - بیوگرافی,1388,,مسعود نجفی,1367,94%,
11,تکخال - پشت صحنه,کمدی - خانوادگی,1399,"['پوریا پورسرخ', 'سحر قریشی', 'سحر قریشی', 'شبنم قلی خانی', 'یوسف تیموری', 'امیر کربلایی زاده']",مجید مافی,794,88%,
12,گزارش آشوب,مستند - اجتماعی,1398,,محمدرضا گیوه چیان,63,81%,
13,فالکن,مستند - اجتماعی,1400,,سید صالح پور یزدان پرست,75,91%,
14,شبیخون غیور اصلی,مستند - اجتماعی,1400,,محسن قیصری,40,92%,
15,دستمال سرخها,مستند - اجتماعی,1397,,حنظله تاج الدینی,35,87%,
16,دریا موج کاکا,خانوادگی - اجتماعی,1399,"['مهران احمدی', 'حسین محجوب', 'شیفته خرم دل', 'فرید سماواتی', 'رضا اکبرپور', 'رؤیا افشار']",علی سرآهنگ,7691,76%,
17,قرارمون پارک شهر,خانوادگی - اجتماعی,1395,"['شقایق فراهانی', 'امین زندگانی', 'ماه چهره خلیلی', 'سام نوری', 'نرگس محمدی', 'افسر اسدی', 'سیاوش طهمورث', 'امید روحانی', 'شیوا خسرومهر', 'مریم کاویانی', 'محمدرضا شریفی نیا']",فلورا سام,9873,89%,
18,کنار گود,مستند - ورزشی,1397,"['حسن یزدانی', 'همت مسلمی']",تورج کلانتری,31,90%,
19,خانه کابل,مستند - اجتماعی,1399,,مسعود کارگر,73,96%,
20,گورکن,خانوادگی - اجتماعی,1398,"['ویشکا آسایش', 'حسن معجونی', 'مهراوه شریفی نیا', 'گوهر خیراندیش', 'بهنوش بختیاری', 'رضا بهبودی', 'سیاوش چراغی پور', 'مهدی حسینی نیا', 'محمود نظرعلیان', 'یدالله شادمانی', 'حمیدرضا محمدی', 'ندا دهشیری']",کاظم ملایی,12654,71%,5.9
21,بیست سال,مستند - سیاسی تاریخی,1400,,وحید فراهانی,171,90%,
22,خون شد,خانوادگی - اجتماعی,1398,"['سعید آقاخانی', 'نسرین مقانلو', 'سیامک صفری', 'لیلا زارع', 'هومن برق نورد', 'اکبر معززی', 'سیامک انصاری', 'مریم عباس زاده', 'اردشیر احمدی']",مسعود کیمیایی,7911,63%,4.2
23,کما - پشت صحنه,خانوادگی - کمدی,1382,"['امین حیایی', 'محمدرضا گلزار', 'حدیث فولادوند', 'آتیلا پسیانی', 'مهناز افشار', 'اصغر آشوری', 'بهناز حوری']",آرش معیریان,60,94%,
24,مهمان - پشت صحنه,کمدی - خانوادگی,1386,"['امین حیایی', 'محمدرضا شریفی نیا', 'شقایق فراهانی', 'حسام نواب صفوی', 'مریم امیرجلالی', 'پوریا پورسرخ']",سعید اسدی,38,96%,
25,عطش - پشت صحنه,اکشن - ماجراجویی,1381,"['بهرام رادان', 'فریبرز عرب نیا', 'شهرام حقیقت دوست', 'شبنم قلی خانی', 'ساغر عزیزی', 'طیب شرافتی']",محمدحسین فرح بخش,22,93%,5.2
26,دو روی سکه - پشت صحنه,خانوادگی - اجتماعی,1371,"['ابوالفضل پورعرب', 'سید احمد مهدوی مرندی هاشمی', 'لیلا مصدقی', 'مرتضی ضرابی', 'نادیا دلدارگلچین']",محمد متوسلانی,7,78%,3.4
27,پاک باخته - پشت صحنه,کمدی - خانوادگی,1373,"['علیرضا خمسه', 'اکبر عبدی', 'حمیده خیرآبادی', 'پریسا گلدوست', 'پرند زاهدی', 'زهره صفوی']",غلامحسین لطفی,26,94%,5.7
28,زخمی - پشت صحنه,اکشن - هیجان انگیز,1376,"['جمشید هاشم پور', 'افسانه بایگان', 'محمد صادقی', 'جلال پیشواییان']",كامران قدكچیان,24,80%,4.3
29,عقرب - پشت صحنه,اکشن - پلیسی معمایی,1375,"['جمشید هاشم پور', 'محمد صالح علا', 'آتیلا پسیانی', 'حسن رضایی', 'کاظم هژیرآزاد', 'رفیع مددكار', 'شهرام زرگر', 'مینا فرامرزی']",بهروز افخمی,24,87%,5.4
30,بهشت پنهان - پشت صحنه,خانوادگی - اجتماعی,1373,"['ابوالفضل پورعرب', 'فاطمه گودرزی', 'حسین فلاح', 'شهریار پارسی پور']",کامران قدکچیان,7,89%,
31,مستانه - پشت صحنه,خانوادگی - اجتماعی,1393,"['سحر دولتشاهی', 'باران کوثری', 'فرهاد اصلانی', 'آتیلا پسیانی', 'میلاد کی مرام', 'محمد متوسلانی']",محمدحسین فرح بخش,26,85%,5.2
32,هزار سال با تو - پشت صحنه,خانوادگی - اجتماعی,1398,"['رز رضوی', 'سام کرمی', 'سولماز حصاری', 'مجید مشیری', 'نیما شاهرخ شاهی', 'مهران رجبی', 'شهین تسلیمی']",احمد مقامی,65,70%,
33,هزار سال با تو,خانوادگی - عاشقانه,1398,"['رز رضوی', 'سام کرمی', 'سولماز حصاری', 'مجید مشیری', 'نیما شاهرخ شاهی', 'مهران رجبی', 'شهین تسلیمی']",احمد مقامی,3546,54%,
34,ممیرو,خانوادگی - اجتماعی,1394,"['یدالله شادمانی', 'میثم فرهومند', 'فاطمه بهاد']",هادی محقق,191,69%,
35,ایرو,خانوادگی - اجتماعی,1397,"['حمدالله عزیزی', 'محمد آذرخش', 'مهیار آبروان', 'حسین قزلباش']",هادی محقق,69,71%,
36,تکخال,کمدی - خانوادگی,1399,"['پوریا پورسرخ', 'سحر قریشی', 'شبنم قلی خانی', 'یوسف تیموری', 'امیر کربلایی زاده']",مجید مافی,26795,79%,
37,دیوانگی,مستند - اجتماعی,1397,,صدرا علی بک,507,91%,
38,امتحان,مستند - سیاسی تاریخی,1400,,سجاد ریاحی,410,78%,
39,بوی عطر مردانه,خانوادگی - اجتماعی,1398,"['علیرضا جلالی تبار', 'یوسف صیادی', 'مهران رجبی', 'مینا نوروزی', 'غلامرضا اصانلو', 'بهناز سلیمانی']",ندا غفاری,282,60%,
40,قایقران,خانوادگی - اجتماعی,1399,"['شقایق فراهانی', 'نگین صدق گویا', 'غزاله جزایری', 'محمد اسدنیا']",محمد اسدنیا,925,36%,
41,تروکاژ,مستند - اجتماعی,1399,,احسان شادمانی,93,87%,
42,بی عنوان,خانوادگی - اجتماعی,1391,"['امین زندگانی', 'نگین معتضدی', 'عباس غزالی', 'رامین ناصرنصیر', 'شهرزاد کمال زاده', 'رضا رویگری', 'مریم کاویانی']",ارد درویش,2449,43%,
43,آن روز - پشت صحنه 23 نفر,خانوادگی - اجتماعی,1397,,,339,90%,
44,تماس بی پاسخ,خانوادگی - اجتماعی,1399,"['سید میلاد جلالی', 'عاطفه محمدی', 'سامان خسروی', 'سحر آزادی', 'هادی کیان نیا', 'شهاب نجفی زاده']",هادی کیان نیا,1139,52%,
45,نگین سلیمانی,فیلم کوتاه - داستانی,1400,,محمدامین امامی,380,84%,
46,چشم سوم,مستند - اجتماعی,1398,,محمدباقر شاهین,13,76%,
47,نائب الامام,مستند - اجتماعی,1399,,محمدعلی یزدانی,66,76%,
48,دور خدا بچرخ,مستند - اجتماعی,1395,,جواد یقموری,64,40%,
49,پیاده روهای واراژدین,مستند - ورزشی,1385,"['برانکو ایوانکوویچ', 'رضا چلنگر']",میلاد صدرعاملی,9,74%,
50,پیشخدمت,خانوادگی - اجتماعی,1386,"['مهدیه اکرمی', 'هما مکرمی', 'الهام معارفی', 'الهه فروزش']",سید محمدرضا رئیسی,282,73%,
51,تب عشق,خانوادگی - اجتماعی,1384,"['کاظم افرندنیا', 'لیلا بوشهری', 'فاطمه طاهری', 'عباس غزالی', 'خاتون یزدانی']",علیرضا حاجی زاده,127,64%,
52,برای تمام فصول: عزت الله انتظامی,مستند - بیوگرافی,1388,"['علی نصیریان', 'جعفر والی', 'مسعود جعفری جوزانی', 'علیرضا شجاع نوری', 'حسن هدایت', 'رضا رویگری', 'مجید مظفری', 'مهتاب کرامتی', 'فرهاد اصلانی', 'صابر ابر']",آراد حسن زاده,26,88%,
53,پرنده ی افلاک: زندگی شهید سید علی اقبالی,مستند - بیوگرافی,1395,,سهیلا پورمحمدی,13,88%,
54,پنجاه روز التهاب,خانوادگی - اجتماعی,1372,"['پردیس افكاری', 'حسن رجبیان', 'مهدی لنجانیان', 'ابوالفضل قبادی', 'صدیقه کیانفر']",کریم آتشی,103,77%,
55,ناخوانده در شهر,مستند - اجتماعی,1399,,مهدی مطهر,17,86%,
56,روزگار غار,مستند - اجتماعی,1398,,مرتضی منشی,109,95%,
57,حرفه ای ها,فیلم تئاتر - کمدی,1383,,,107,83%,
58,دارالمجانین,خانوادگی - اجتماعی,1387,"['نیما رئیسی', 'غزل صارمی', 'کیانوش گرامی', 'عبدالله صفدری', 'مرتضی آقاحسینی', 'رضا سخایی']",امین فرج پور,21,55%,
59,پوست زیبا,مستند - پژوهشی,1383,"['پریسا شهبازی', 'مریم ابراهیمی', 'مهتا راحلی']",سهیل سریزدی,4,60%,
60,گل یا پوچ,خانوادگی - اجتماعی,1384,"['نوید رئیسی', 'سکینه آزادی', 'وحید خدیر', 'جمیله بلوچی', 'محسن میرزاخانی']",ابوالفضل جلیلی,42,79%,
61,گپ,مستند - پژوهشی,1384,,نیما تارخ,5,52%,
62,مساحت زندگی,مستند - بیوگرافی,1392,"['پگاه آهنگرانی', 'بهرام بدخشانی', 'رخشان بنی اعتماد', 'کامبوزیا پرتوی', 'کیومرث پوراحمد', 'فریدون جیرانی', 'منیژه حکمت']",میلاد صدرعاملی,7,66%,
63,مسافران بهشت,خانوادگی - اجتماعی,1387,"['کامران تفتی', 'سحر قریشی', 'رامین راستاد', 'سوگل طهماسبی', 'حمیدرضا هدایتی', 'بهزاد رحیم خانی', 'صدیقه کیانفر']",جواد مزدآبادی,114,86%,
64,کنسرت تلفیقی : عماد بنکدار,کنسرت,1382,"['عماد بنکدار', 'رضا آبائی', 'احسان فرامرزی', 'همایون نصیری']",سینا احمدی,28,80%,
65,کنسرت موسیقی آذربایجانی : ودود موذن,کنسرت,1384,"['فرهاد فرجلی', 'عسگر صفایی', 'مهدی دانشور']",ودود موذن,39,84%,
66,گوزن,خانوادگی - اجتماعی,1389,"['سعیده عرب', 'محمد ابهری', 'کیانوش گرامی', 'گیتی معینی', 'علی اصغر طبسی', 'بهناز سلیمانی']",سید محمدرضا رئیسی,51,71%,
67,پیدا و پنهان,خانوادگی - اجتماعی,1391,"['فرامرز قریبیان', 'امیرحسین آرمان', 'کوروش سلیمانی', 'سهیل فدایی', 'حمیدرضا مولانا', 'احمد ساعتچیان', 'ایمان امیدواری']",آرش معیریان,75,66%,
68,گال,خانوادگی - اجتماعی,1365,"['مهدی اسدی', 'اصغر گلمحمدی', 'حسین معلومی', 'حسین پناهی']",ابوالفضل جلیلی,28,78%,
69,ملک خاتون,خانوادگی - اجتماعی,1369,,,388,89%,
70,در انتظار شیطان,خانوادگی - اجتماعی,1366,"['ماشاالله افراشته', 'مرتضی احمدی', 'حسن دلشاد', 'اکبر دودکار', 'حسین صفاریان']",حمید الدین صفایی,33,79%,
71,تیتراژ در سینمای ایران,مستند - پژوهشی,1397,"['اصغر فرهادی', 'حامد بهداد']",مهرشاد کارخانی,61,89%,
72,سوز گلاویژ,1395 - ایران,,"['علی سلیمانی', 'حسن اسدی', 'ابوالفضل حاجی علیخانی', 'محمد ساربان', 'ابراهیم مرادی', 'مجتبی قلندرکی']",یاسمن نصرتی,64,87%,
73,سینمای خانگی,مستند - پژوهشی,1383,,بیژن میرباقری,4,60%,
74,دره ارغوان,مستند - پژوهشی,1386,,رضا برجی,4,60%,
75,دو سرنوشت,خانوادگی - اجتماعی,1368,,,95,85%,
76,درباره آمنه : گزارش یک اسیدپاشی,مستند - پژوهشی,1387,"['رضا کیانیان', 'بهنوش بختیاری', 'نیوشا ضیغمی', 'امیرحسین مدرس', 'نیما شاهرخ شاهی', 'تهمینه میلانی', 'پوران درخشنده', 'هانیه توسلی']",محمود مهدی خانی,79,92%,
77,شیوه شاغلام: غلامحسین پیروانی,مستند - بیوگرافی,1388,['غلامحسین پیروانی'],امید عبدالهی,44,89%,
78,لمس مرگ,مستند - اجتماعی,1400,,فرشاد یحیایی,340,94%,
79,مسیر نو,مستند - اجتماعی,1396,,وحید فرجی,1,20%,
80,مسعود کیمیایی: زندگی و آثار,مستند - بیوگرافی,1385,"['علی معلم', 'حمید نعمت الله', 'سامان مقدم', 'مهدی کرم پور', 'پرویز شهبازی', 'شهرام مکری']",رضا ملکی,47,89%,
81,باد سرخ,خانوادگی - اجتماعی,1367,"['حسین احمدی نسب', 'جهانگیر الماسی', 'فیروز بهجت محمدی', 'حسین کسبیان', 'ایران بزرگمهر']",,49,76%,
82,مرزداران,فیلم تئاتر - خانوادگی,1397,"['مهدی بازدار', 'شاهو رستمی', 'سپهر زمانی', 'حامد مهراندیش', 'پیمان صفرزاده', 'امیر کامران']",,45,67%,
83,بلافیگورا,فیلم تئاتر - کمدی,1397,"['صحرا اسدالهی', 'سپند امیرسلیمانی', 'بهاره رهنما', 'نگار عابدی', 'محمد نادری']",یاسمینا رضا,1057,62%,
84,سرآشپز پیشنهاد می کند,فیلم تئاتر - کمدی,1397,"['شهرام قائدی', 'رامین ناصرنصیر', 'آرش فلاحت پیشه', 'مهدی فریضه']",شهاب الدین حسین پور,653,86%,
85,طپانچه خانم,فیلم تئاتر - کمدی,1396,"['مارال فرجاد', 'آرش فلاحت پیشه', 'محمد نادری', 'ندا مقصودی', 'گیلدا حمیدی', 'غزاله جزایری', 'سعیده آغویی']",شهاب الدین حسین پور,190,71%,
86,موسیو ابراهیم,فیلم تئاتر - خانوادگی,1395,"['رضا مولایی', 'اشکان خطیبی']",علیرضا کوشک جلالی,308,94%,
87,ازدواج آقای می سی سی پی,فیلم تئاتر - کمدی,1394,"['محمدصادق ملک', 'آرش فلاحت پیشه', 'آرزو نبوت', 'محمدرضا مالکی', 'سیدجواد حسینی']",فریدریش دورنمات,151,76%,
88,خورشید,خانوادگی - اجتماعی,1398,"['علی نصیریان', 'جواد عزتی', 'طناز طباطبایی', 'روح الله زمانی', 'صفر محمدی', 'علی تقوا زاده']",مجید مجیدی,43888,92%,7.2
89,شنای پروانه,خانوادگی - اجتماعی,1398,"['امیر آقایی', 'جواد عزتی', 'طناز طباطبایی', 'مه لقا باقری', 'پانته آ بهرام', 'علی شادمان']",محمد کارت,94591,96%,7.7
90,دعوت - قصه ریحانه,کمدی - خانوادگی,1387,"['پژمان بازغی', 'لیلا اوتادی', 'امید روحانی', 'نگین صدق گویا', 'مهتاب کرامتی']",ابراهیم حاتمی کیا,5312,76%,5.2
91,یک مسئله ساده,خانوادگی - اجتماعی,1398,"['زهرا برومند', 'نازنین ایمان', 'عباس سهراب', 'ندا حبیبی', 'احمد شریفی فرد', 'سعید برجعلی', 'سپیده دهقان', 'ملیحه ظهیریان', 'ایمان امتیازی پور', 'محدثه عدالت فر']",اسماعیل عظیمی,525,65%,
92,یک لحظه لبخند,خانوادگی - اجتماعی,1399,"['هستی حدیدی', 'فرشته نوید']",مهدی لطفی,291,74%,
93,شهر مهتابی,خانوادگی - اجتماعی,1398,,,247,74%,
94,ساعت شلوغی,خانوادگی - اجتماعی,1390,"['شاهرخ استخری', 'سحر قریشی', 'پژمان بازغی', 'نرگس محمدی', 'زهره حمیدی']",آرش معیریان,832,83%,
95,شاخه گلی برای عروس,کمدی - عاشقانه,1383,"['سیدجواد رضویان', 'مجید صالحی', 'حدیث فولادوند', 'رابعه اسکویی', 'حدیث فولادوند', 'مهدی امینی خواه']",قدرت الله صلح میرزایی,2355,94%,3.7
96,آبادان یازده 60,اکشن - جنگی,1398,"['علیرضا کمالی', 'حسن معجونی', 'شبنم گودرزی', 'حمیدرضا محمدی', 'ویدا جوان', 'نادر سلیمانی']",مهرداد خوشبخت,11904,95%,6.3
97,کلاهی برای باران,کمدی - خانوادگی,1385,"['رضا عطاران', 'سیدجواد رضویان', 'حدیث فولادوند', 'مهران غفوریان', 'مهران رجبی', 'زهره حمیدی', 'فتحعلی اویسی']",مسعود نوابی,1622,93%,
98,زیر نور کم,خانوادگی - اجتماعی,1399,"['لیلا زارع', 'صابر ابر', 'حمیدرضا آذرنگ', 'بهناز جعفری', 'تیرداد کیایی', 'بیتا بادران']",محمد پرویزی,7459,44%,
99,دیدن این فیلم جرم است,خانوادگی - اجتماعی,1397,"['مهدی زمین پرداز', 'امیر آقایی', 'لیندا کیانی', 'حسین پاکدل', 'حمیدرضا پگاه', 'محمود پاک نیت']",رضا زهتابچیان,52538,91%,
100,آقای سانسور,کمدی - خانوادگی,1398,"['محمدرضا فروتن', 'بهرام افشاری', 'بهاره رهنما', 'بهنوش بختیاری', 'محمود پاک نیت', 'آریانا مثنوی', 'امید روحانی', 'علی مثنوی', 'گیتی قاسمی', 'امیر کربلایی زاده', 'صحرا اسدالهی', 'امیراشکان مثنوی', 'علی برقی']",علی جبارزاده,29360,76%,
101,پیشی میشی,کمدی - خانوادگی,1398,"['بهاره رهنما', 'رضا شفیعی جم', 'نفیسه روشن', 'ارژنگ امیرفضلی', 'علی کاظمی', 'ساعد هدایتی', 'محمد شیری', 'یوسف صیادی', 'صدیقه کیانفر']",حسین قناعت,23904,88%,
102,چرا سوریه,مستند - سیاسی تاریخی,1398,,وحید فراهانی,496,88%,
103,یاران غار,مستند - سیاسی تاریخی,1396,,,87,79%,
104,کنسرت حسام الدین سراج,کنسرت,1396,,,177,88%,
105,قزل قیه,مستند - اجتماعی,1399,,سیامک مختاری,68,96%,
106,نوزده نوزده,مستند - سیاسی تاریخی,1399,,مهدی صلواتچی,363,86%,
107,آفتاب، لبه های بام,خانوادگی - اجتماعی,1391,"['فرشته صدر عرفایی', 'مهین نظری', 'یاغوش عمارلو', 'محمود بهروزیان', 'میترا کمالیان']",علی صداقت کریمی,1872,65%,
108,نازی آبادی ها,مستند - سیاسی تاریخی,1397,,مجتبی محمودی,57,88%,
109,مردی با سلاح کلمات,مستند - سیاسی تاریخی,1396,,حسین احمدی,36,78%,
110,ما همه کارگردانیم,مستند - اجتماعی,1399,,سیدجمال عود سیمین,23,83%,
111,سایه های روشن,مستند - سیاسی تاریخی,1397,,حسین نشاطی,7,66%,
112,پیرمرد و خواننده,مستند - سیاسی تاریخی,1396,,امیر اصانلو,7,55%,
113,از عدلیه تا مشروطه,مستند - سیاسی تاریخی,1396,,مهدی فرقانی,26,67%,
114,بیوه های غمگین سالار جنگ,فیلم تئاتر - خانوادگی,1397,"['گلاب آدینه', 'شیرین بینا', 'مونا فرجاد', 'حمید رحیمی']",شهاب الدین حسین پور,187,82%,
115,به مناسبت ورود اشکان,فیلم تئاتر - خانوادگی,1396,"['هومن برق نورد', 'نیما رئیسی', 'خسرو شهراز', 'شمسی صادقی', 'الهه حسینی', 'ویدا جوان', 'آرزو افشار', 'علی امیری']",رضا دادویی,825,87%,
116,خاموشی دریا,فیلم تئاتر - خانوادگی,1397,"['شهرام حقیقت دوست', 'علیرضا آرا', 'خاطره اسدی']",نیما دهقان,243,84%,
117,خرده نان,فیلم تئاتر - خانوادگی,1397,"['رضا بهبودی', 'آناهیتا اقبال نژاد']",کوروش سلیمانی,274,82%,
118,در انتظار آدولف,فیلم تئاتر - خانوادگی,1396,"['اشکان خطیبی', 'آناهیتا درگاهی', 'حسین امیدی', 'آوا شریفی', 'رضا مولایی']",علیرضا کوشک جلالی,1224,93%,
119,روز کارنامه,خانوادگی - اجتماعی,1381,"['مهدی هاشمی', 'متین عزیزپور', 'شهرام قائدی', 'مهران رجبی', 'مجید مشیری']",مسعود کرامتی,106,85%,
120,آقای کیمیایی,مستند - بیوگرافی,1385,,,23,90%,
121,یک زندگی بهتر,فیلم تئاتر - خانوادگی,1396,"['خسرو شهراز', 'شمسی صادقی', 'سارا رسول زاده', 'سامان دارابی']",شهاب الدین حسین پور,208,86%,
122,طناب,فیلم تئاتر - خانوادگی,1397,"['آتیلا پسیانی', 'رامین ناصرنصیر', 'علی شادمان', 'خسرو پسیانی', 'آیناز آذرهوش', 'پگاه کاظمی']",نصیر ملکی جو,575,86%,
123,کلک زرین,مستند - بیوگرافی,1385,,ناهید رضایی,26,79%,
124,مکاشفه با دوربین,مستند - بیوگرافی,1385,,,27,74%,
125,کودکی نیمه تمام,مستند - بیوگرافی,1385,,,58,96%,
126,فیلمبرداران سینمای ایران,مستند - بیوگرافی,1385,,رضا میر کریمی,25,78%,
127,فرمان آرا بودن,مستند - بیوگرافی,1385,,بهمن کیارستمی,144,95%,
128,فرمالیست مکتب اصفهان,مستند - بیوگرافی,1385,,جمشید بهمنی,9,74%,
129,شنیدن تاریخ,مستند - بیوگرافی,1385,,,36,72%,
130,سهم من این است,مستند - بیوگرافی,1385,,,11,64%,
131,زندگی آنجاست,مستند - بیوگرافی,1386,,,102,95%,
132,رکعتان فرالعشق,مستند - بیوگرافی,1385,,,19,75%,
133,رقص با دوربین,مستند - بیوگرافی,1385,,سمیرا سینایی,39,88%,
134,در امتداد سرزمین کهن,مستند - بیوگرافی,1385,,کاوه بهرامی مقدم,15,85%,
135,داستان یک قصه گو,مستند - بیوگرافی,1385,,محمود یارمحمدلو,34,70%,
136,جفت شش,مستند - بیوگرافی,1386,,,96,85%,
137,جریان اصلی,مستند - بیوگرافی,1385,,رضا میر کریمی,77,93%,
138,تصویر کلمات,مستند - بیوگرافی,1388,,,27,89%,
139,تدوین,مستند - بیوگرافی,1385,,,21,89%,
140,بعد از آقا خانم شماره 11,مستند - بیوگرافی,1385,,رضا میرکریمی,86,88%,
141,از تمام دریچه ها,مستند - بیوگرافی,1386,,سعید پوراسماعیلی,31,85%,
142,سرزمین خورشید,اکشن - جنگی,1375,"['خسرو شکیبایی', 'گلچهره سجادیه', 'سعید پورصمیمی', 'محمود پاک نیت', 'محمدرضا مشاک زاده']",احمدرضا درویش,105,87%,
143,افسون معبد سوخته,فیلم تئاتر - خانوادگی,1395,"['پانته آ بهرام', 'حمیدرضا آذرنگ', 'مهدی پاکدل']",کیومرث مرادی,169,85%,
144,مرغ دریایی من,فیلم تئاتر - خانوادگی,1398,"['شبنم مقدمی', 'امیرحسین فتحی', 'زهرا بهروزمنش', 'محمد مسگری']",کیومرث مرادی,472,82%,
145,روایت های ناتمام,خانوادگی - اجتماعی,1385,"['هنگامه قاضیانی', 'ستاره پسیانی', 'نقی سیف جمالی', 'حسین سلیمانی']",پوریا آذربایجانی,308,61%,
146,بغداد 1:20,مستند - سیاسی تاریخی,1399,,سیدامیرحسین ربیع هاشمی,1676,94%,
147,مار,خانوادگی - اجتماعی,1370,"['پرویز پرستویی', 'جلال مقدم', 'فرزانه کابلی', 'بهزاد فراهانی', 'پرستو گلستانی', 'علی هویدائی']",مجید جوانمرد,254,82%,5.7
148,بوسه ای از ابومهدی,مستند - پژوهشی,1399,,وحید فراهانی,1445,83%,
149,سجاده آتش,اکشن - جنگی,1372,"['رضا ایرانمنش', 'علی بوریان', 'حبیب اله حداد', 'عطاالله سلمانیان', 'سیدجواد هاشمی', 'محسن محمدی']",احمد مرادپور,729,92%,
150,ناتمام,فیلم کوتاه - داستانی,1398,"['بیتا عزیزاقلی', 'امید قنبری', 'شیرین جروقی', 'ایمان اصفهانی', 'مهدیس حیدری', 'زهرا افشار']",رضا سلاح ورزی,110,61%,
151,سی پی,فیلم کوتاه - داستانی,1398,"['مریم کاظمی', 'فاطمه موسایی', 'پوریا خلیلی', 'سهیلا نوری', 'سارا پورسرخ']",حامد قاسمی,116,57%,
152,سایه ارغوان,فیلم کوتاه - داستانی,1398,"['مهتاب ثروتی', 'رضا پایرود', 'سیدحامد عربانیان']",سوگل خالقی,383,68%,
153,دووف,فیلم کوتاه - داستانی,1398,"['محمدپارسا شورگشتی', 'باران ایمانی']",مجید صداقت برجی,74,60%,
154,بی تیمار,فیلم کوتاه - داستانی,1399,"['رادین روئین فر', 'نیلوفر ولی پور', 'شقایق فرهاد شیران', 'علی بانگین']",سحر جعفری زاد,268,69%,
155,ابرهای کومولوس,فیلم کوتاه - داستانی,1397,"['امیر باشی', 'میترا شاکی', 'امیرحسین شایگان']",رضا کوه پور,102,70%,
156,مردن در آب مطهر,خانوادگی - عاشقانه,1398,"['علی شادمان', 'ندا جبرائیلی', 'سوگل خلیق', 'علیرضا آرا', 'پیمان مقدمی', 'خیام وقار کاشانی', 'امیررضا رنجبران', 'متین حیدری نیا', 'صدف عسگری']",نوید محمودی,18151,85%,5.6
157,دلداده,کمدی - خانوادگی,1387,"['سیدجواد رضویان', 'مجید صالحی', 'اکبر عبدی', 'الهام حمیدی', 'سحر زکریا', 'مینا جعفرزاده', 'احمد پورمخبر', 'یوسف صیادی', 'نعیمه نظام دوست']",قدرت الله صلح میرزایی,4339,95%,3.9
158,یک چیز بی خاصیت,مستند - اجتماعی,1398,,امین یگانه,89,89%,
159,خودکار,مستند - اجتماعی,1397,,محمد ثقفی,440,97%,
160,برف روی کاج ها (با زیرنویس مخصوص ناشنوایان),خانوادگی - اجتماعی,1390,"['مهناز افشار', 'ویشكا آسایش', 'صابر ابر', 'حسن معجونی', 'آناهیتا افشار', 'شیرین یزدان بخش', 'الهام کردا']",پیمان معادی,116,82%,6.4
161,امپراتور و ما,مستند - پژوهشی,1385,,امید نجوان,10,85%,
162,فروغ فرخزاد: 1313-1345,مستند - بیوگرافی,1346,,ناصر صفاریان,361,91%,
163,بانو مرا دریاب,مستند - بیوگرافی,1389,,ناصر صفاریان,70,91%,
164,آزادی در مه,مستند - سیاسی تاریخی,1386,,ناصر صفاریان,11,79%,
165,آواز آفتاب,مستند - اجتماعی,1381,,ناصر صفاریان,41,87%,
166,وقت خوب مصائب,مستند - بیوگرافی,1384,"['عباس کیارستمی', 'رضا کیانیان', 'ناصر صفاریان']",ناصر صفاریان,250,93%,
167,خاطره در قاب,مستند - بیوگرافی,1387,,ناصر صفاریان,59,90%,
168,جام جان,مستند - بیوگرافی,1380,,ناصر صفاریان,248,93%,
169,سرد سبز,مستند - بیوگرافی,1380,,ناصر صفاریان,627,94%,
170,اوج موج,مستند - بیوگرافی,1382,,ناصر صفاریان,185,94%,
171,پا به پای آزادی,مستند - سیاسی تاریخی,1385,,محمودرضا ثانی,32,75%,
172,خواب ابدی,خانوادگی - اجتماعی,1396,"['محمود حیدری', 'رامبد رافت', 'حاتم میرزایی', 'آیدا مویدی', 'ملیکا سعیدپور', 'راما شمس', 'شهاب پولچی', 'کبری گودرزی']",مرتضی ذوالفقاری نسب,292,61%,
173,تهران لندن,خانوادگی - اجتماعی,1397,"['مجید واشقانی', 'سولماز حصاری', 'افسانه ناصری', 'مهران رجبی', 'مجید شهریاری', 'افشین سنگ چاپ', 'فاطمه شکری', 'فریبا ترکاشوند', 'اسدالله یکتا', 'کبری گودرزی']",مرتضی ذوالفقاری نسب,855,50%,
174,با من نگاه کن,مستند - اجتماعی,1398,,محمدرضا کریمی راد,288,82%,
175,ناگهان درخت,خانوادگی - اجتماعی,1397,"['پیمان معادی', 'مهناز افشار', 'شقایق دهقان', 'سیامک صفری', 'مهراب قاسم خانی', 'پانته آ پناهی ها', 'آرمان مرادی', 'زهره عباسی']",صفی یزدانیان,13680,63%,4.9
176,دهل,مستند - اجتماعی,1392,,علی سجادی,34,84%,
177,ابراهیم,مستند - بیوگرافی,1395,,حسین احمدی,104,77%,
178,من (با زیرنویس مخصوص ناشنوایان),اکشن - هیجان انگیز,1394,"['لیلا حاتمی', 'امیر جدیدی', 'مانی حقیقی', 'بهنوش بختیاری', 'علیرضا استادی']",سهیل بیرقی,119,73%,5.3
179,شیفت شب (با زیرنویس مخصوص ناشنوایان),خانوادگی - اجتماعی,1393,,,17,53%,4.7
180,سامورایی در برلین (با زیرنویس مخصوص ناشنوایان),کمدی - خانوادگی,1398,,,120,87%,
181,چند متر مکعب عشق (با زیرنویس مخصوص ناشنوایان),عاشقانه - خانوادگی,1392,"['ساعد سهیلی', 'حسیبا ابراهیمی', 'نادر فلاح', 'علیرضا استادی', 'مسعود میرطاهری']",جمشید محمودی,77,82%,7.1
182,بادیگارد (باز زیرنویس مخصوص ناشنوایان),اکشن - هیجان انگیز,1394,"['پرویز پرستویی', 'مریلا زارعی', 'پریوش نظریه', 'بابک حمیدیان', 'شیلا خداداد', 'محمود عزیزی', 'دیبا زاهدی', 'امیر آقایی', 'فرهاد قائمیان', 'محمد حاتمی', 'علی یعقوبی', 'پدرام شریفی']",ابراهیم حاتمی کیا,110,87%,6.1
183,آتش بس ۲ (با زیرنویس مخصوص ناشنوایان),خانوادگی - کمدی,1393,"['بهرام رادان', 'میترا حجار', 'گوهر خیراندیش', 'پژمان جمشیدی', 'مهرانه مهین ترابی', 'آتیلا پسیانی', 'فلور نظری']",تهمینه میلانی,317,90%,4.2
184,جمشیدیه,خانوادگی - اجتماعی,1397,"['سارا بهرامی', 'حامد کمیلی', 'پانته آ پناهی ها', 'سعید چنگیزیان', 'ستاره پسیانی', 'ندا جبرائیلی']",یلدا جبلی,26800,85%,
185,نافرمان,مستند - اجتماعی,1397,,امیر منیری,70,87%,
186,استادیوم سیاسی,مستند - اجتماعی,1393,,ایمان گودرزی,19,92%,
187,شتر مرغ,کمدی - خانوادگی,1393,"['امیرحسین رستمی', 'هومن برق نورد', 'شبنم فرشادجو', 'فریبا نادری', 'مجید واشقانی', 'عباس جمشیدی فر', 'علی سلیمانی', 'عزت الله مهرآوران']",علی اسدالهی,2940,87%,
188,عطر خوش یار,خانوادگی - اجتماعی,1393,"['بابک انصاری', 'کیمیا باباییان', 'علیرضا شیخ الاسلام', 'مجید گل رضایی', 'محمدرضا کسرایی']",هادی رحیمی خواص,111,72%,
189,نرگس,خانوادگی - عاشقانه,1370,"['فریماه فرجامی', 'ابوالفضل پورعرب', 'عاطفه رضوی', 'رضا کرم رضایی', 'فاطمه طاهری', 'باران کوثری']",رخشان بنی اعتماد,615,91%,6.8
190,حاج ابوالقاسم قناد و پسران,مستند - اجتماعی,1399,,سازمان هنری رسانه ای اوج,113,86%,
191,مرگ روشن,مستند - اجتماعی,1398,,سازمان هنری رسانه ای اوج,28,72%,
192,اخراجی ها 3,کمدی - اکشن,1389,"['محمدرضا شریفی نیا', 'امین حیایی', 'اکبر عبدی', 'حسام نواب صفوی', 'علی اوسیوند', 'سیدجواد هاشمی', 'محمود مقامی', 'قاسم زارع', 'بهنوش بختیاری', 'لیلا اوتادی', 'رضا رویگری', 'حلیمه سعیدی', 'نگار فروزنده', 'احمد پورمخبر', 'مهران رجبی', 'نیما شاهرخ شاهی', 'یوسف صیادی']",مسعود ده نمکی,6773,83%,2.5
193,تجارتخانه بوشی,مستند - اجتماعی,1396,,محمدهادی نعمت الهی,29,95%,
194,محاصره کوت,مستند - سیاسی تاریخی,1398,,امین یگانه,32,85%,
195,خون بازی,خانوادگی - اجتماعی,1385,"['باران کوثری', 'بیتا فرهی', 'مسعود رایگان', 'بهرام رادان', 'فرید ولی زاده']",رخشان بنی اعتماد,1176,81%,6.6
196,گیلانه,اکشن - جنگی,1383,"['فاطمه معتمدآریا', 'بهرام رادان', 'باران کوثری', 'ژاله صامتی', 'شاهرخ فروتنیان', 'مجید بهرامی', 'نیره فراهانی']",رخشان بنی اعتماد,668,91%,6.7
197,راه رفتن روی سیم,خانوادگی - عاشقانه,1395,"['احمد مهرانفر', 'حامد کمیلی', 'اندیشه فولادوند', 'هومن برق نورد', 'سید مهرداد ضیایی', 'رسول نجفیان', 'مریم بوبانی', 'علیرضا استادی']",احمدرضا معتمدی,2157,68%,4.5
198,گرگ بازی,وحشت - هیجان انگیز,1396,"['علی مصفا', 'هانیه توسلی', 'نگار جواهریان', 'سعید چنگیزیان', 'سهیلا گلستانی', 'مهسا علافر', 'فهیمه امن زاده', 'احسان گودرزی', 'ژرژ پطرسی', 'منوچهر زنده دل', 'حمید پورآذری', 'محمدرضا مالکی']",عباس نظام دوست,5477,61%,4.9
199,می زاک,خانوادگی - اجتماعی,1387,"['محمدرضا فروتن', 'باران کوثری', 'داریوش ارجمند', 'جمشید مشایخی', 'فاطمه معتمدآریا', 'علیرضا خمسه', 'رابعه اسکویی', 'طناز طباطبایی', 'کامران فیوضات', 'انوش نصر']",حسینعلی لیالستانی,297,71%,4.1
200,همه دختران من,کمدی - خانوادگی,1372,"['فردوس کاویانی', 'نادیا دلدارگلچین', 'نسرین مقانلو', 'علی مصفا', 'ابراهیم آبادی', 'مجید قناد', 'محمدعلی مژدهی', 'عباس محبی']",اسماعیل سلطانیان,522,91%,5.8
201,ماجراهای اینترنتی,کمدی - خانوادگی,1383,"['بهاره رهنما', 'مریم بوبانی', 'شهرام قائدی', 'رابعه اسکویی', 'مهدی پاکدل', 'محمدرضا صمیمی']",حسین قناعت,894,86%,4.1
202,تقاطع,خانوادگی - اجتماعی,1384,"['فاطمه معتمدآریا', 'بهرام رادان', 'بیژن امکانیان', 'باران کوثری', 'سروش صحت', 'مجید مظفری', 'رضا رادمنش']",ابوالحسن داوودی,1051,90%,5.9
203,نسل جادویی,خانوادگی - اجتماعی,1385,"['هدیه تهرانی', 'رامبد جوان', 'باران کوثری', 'کوروش تهامی', 'نگار جواهریان', 'شاهرخ فروتنیان', 'ساسان بنی', 'منیژه کریمی', 'فرهاد اسماعیلی', 'الیکا عبدالرزاقی', 'احمد حامد']",ایرج کریمی,237,57%,2.5
204,در وجه حامل,خانوادگی - اجتماعی,1397,"['ژاله صامتی', 'محمدرضا غفاری', 'ایرج سنجری', 'محسن کیایی', 'رعنا آزادی ور', 'رؤیا جاویدنیا', 'احسان امانی', 'بابک بهشاد', 'معصومه رحمانی', 'جواد زیتونی', 'بیژن افشار']",بهمن کامیار,8006,78%,5.3
205,خاله قورباغه,خانوادگی - کودک,1395,"['مرضیه برومند', 'شبنم مقدمی', 'غزل شاکری', 'احسان کرمی', 'شایسته ایرانی', 'آناهیتا خسروی', 'شهراد بانکی', 'علیرضا ناصحی', 'افشین هاشمی', 'نگار اردلان']",افشین هاشمی,2866,87%,6.0
206,دارکوب,خانوادگی - عاشقانه,1396,"['سارا بهرامی', 'مهناز افشار', 'امین حیایی', 'هادی حجازی فر', 'جمشید هاشم پور', 'شادی کرم رودی', 'نگار عابدی', 'ثریا حلی', 'طوفان مهردادیان', 'ندا عقیقی', 'اسدالله یکتا', 'آتیه جاوید']",بهروز شعیبی,19849,93%,5.7
207,به وقت خماری,کمدی - خانوادگی,1396,"['مهدی فخیم زاده', 'هنگامه قاضیانی', 'ابوالفضل پورعرب', 'پوریا پورسرخ', 'هنگامه حمیدزاده', 'رعنا آزادی ور', 'هومن برق نورد', 'سیما تیرانداز', 'هادی کاظمی', 'شهره لرستانی', 'مجید یاسر', 'علی سلیمانی', 'بهروز بقایی', 'شیرین یزدان بخش']",محمدحسین لطیفی,29833,89%,4.9
208,وقت چیدن گردوها,خانوادگی - عاشقانه,1382,"['پارسا پیروزفر', 'لادن مستوفی', 'حسن مهمانی', 'امیر عباسی', 'درین دستیار', 'علی عطایی']",ایرج امامی,351,71%,5.1
209,ماجان,خانوادگی - عاشقانه,1396,"['مهتاب کرامتی', 'فرهاد اصلانی', 'سیما تیرانداز', 'بابک انصاری', 'بهنوش بختیاری', 'محمدمهدی احدی', 'عرفان برزین', 'سارا میرایی']",رحمان سیفی آزاد,9241,93%,5.6
210,دایان,اکشن - جنگی,1398,"['ناصر بابائیان', 'عبدالله زواره', 'بهار معروفی']",بهروز نورایی پور,769,83%,
211,سرو زیر آب,اکشن - جنگی,1397,"['بابک حمیدیان', 'مینا ساداتی', 'شهرام حقیقت دوست', 'رضا بهبودی', 'همایون ارشادی', 'مهتاب نصیرپور', 'هومن برق نورد', 'ستاره اسکندری', 'فرخ نعمتی', 'حسین باشه آهنگر', 'محمدهادی قمیشی', 'سیاوش چراغی پور', 'حسین فلاح', 'دنیا مدنی']",محمدعلی باشه آهنگر,6664,93%,5.8
212,داش آکل,خانوادگی - عاشقانه,1396,"['حسین یاری', 'هلیا امامی', 'مهران غفوریان', 'فاطمه گودرزی', 'محمدرضا شریفی نیا', 'علی صادقی', 'نیما شاهرخ شاهی', 'ارسلان قاسمی', 'سید مهرداد ضیایی', 'ارژنگ امیرفضلی', 'امیرحسین صدیق', 'محسن افشانی', 'علیرضا مسعودی', 'ایمان صفا', 'قدرت الله صالحی']",محمد عرب,6022,82%,4.2
213,دم سرخ ها,کمدی - خانوادگی,1396,"['سیدجواد رضویان', 'رضا شفیعی جم', 'اندیشه فولادوند', 'بهنوش بختیاری', 'علی صادقی', 'مجید یاسر', 'رضا ناجی', 'شهره لرستانی', 'سعید پیردوست', 'اصغر سمسارزاده', 'جمال اجلالی', 'آتش تقی پور', 'شهین تسلیمی', 'نگین معتضدی', 'عباس جمشیدی فر', 'اردشیر کاظمی', 'اصغر حیدری', 'فاطمه مرتاضی', 'فرخنده فرمانی زاده', 'ماشاالله شاهمرادی زاده']",آرش معیریان,9155,85%,3.8
214,اخراجی ها 2,کمدی - اکشن,1388,"['امین حیایی', 'منوچهر آذر', 'اکبر عبدی', 'حسام نواب صفوی', 'سیدجواد هاشمی', 'لیلا بلوکات', 'نگار فروزنده', 'سیروس کهوری نژاد', 'ارژنگ امیرفضلی', 'سپند امیرسلیمانی', 'محمدرضا شریفی نیا', 'مینا جعفرزاده', 'فخرالدین صدیق شریف', 'شهره لرستانی', 'مهراوه شریفی نیا', 'سیدجواد رضویان', 'امیریل ارجمند', 'نیوشا ضیغمی', 'قاسم زارع', 'شیلا خداداد', 'بیوک میرزایی', 'احمد ایراندوست', 'میرطاهر مظلومی', 'جلال پیشواییان', 'مهران رجبی', 'شاهرخ نورمحمدی', 'مجید شهریاری']",مسعود ده نمکی,10049,94%,3.0
215,بنفشه آفریقایی (مخصوص نابینایان),خانوادگی - اجتماعی,1396,"['فاطمه معتمدآریا', 'سعید آقاخانی', 'رضا بابک']",مونا زندی حقیقی,184,80%,5.9
216,مادری,مستند - اجتماعی,1397,,مسعود دهنوی,96,84%,
217,با صبر زندگی,مستند - اجتماعی,1396,,وحید فراهانی,70,91%,
218,مسابقه ازدواج,کمدی - خانوادگی,1393,"['مجید واشقانی', 'کوروش معصومی', 'عباس جمشیدی فر', 'خشایار راد', 'عزت الله مهرآوران', 'فلور نظری', 'مینا نوروزی', 'فاطمه شکری', 'ساقی زینتی', 'الناز حبیبی']",سهیل موفق,1635,89%,
219,کلاه گیس,کمدی - خانوادگی,1388,"['حمید لولایی', 'رضا فیض نوروزی', 'زهره مجابی', 'مینا نوروزی', 'سپند امیرسلیمانی', 'عباس محبوب', 'کامران فیوضات', 'سیاوش مفیدی', 'علی صالحی']",سعید عالم زاده,855,78%,
220,کفش های جیرجیرک دار,خانوادگی - اجتماعی,1381,"['اکبر عبدی', 'داریوش اسدزاده', 'حامد زیدی', 'رضا عماد', 'میلاد مهدوی', 'کبری فخری']",شاپور قریب,190,91%,6.8
221,قصه خاطره,کمدی - خانوادگی,1391,"['کامبیز دیرباز', 'زیبا بروفه', 'خاطره مهربان', 'آزیتا ترکاشوند', 'سوده ازقندی', 'سام یکتا', 'محمدعلی محمدی پور', 'سپید بره']",محمد باقرآبادی,301,77%,
222,فلس سیاه,اکشن - پلیسی معمایی,1391,,مسعود تکاور,448,84%,
223,عاشقی با اعمال شاقه,کمدی - خانوادگی,1390,"['یوسف تیموری', 'مریم سلطانی', 'ارژنگ امیرفضلی', 'احمد پورمخبر', 'یوسف صیادی', 'سیدرضا حسینی', 'علی صادقی']",حسام حمیدی,1037,79%,
224,شگون,کمدی - خانوادگی,1393,"['حمید لولایی', 'امیر غفارمنش', 'نفیسه روشن', 'کیانوش گرامی', 'محمد شیری', 'سعیده عرب']",عباس مرادیان,617,70%,
225,ساعت سوخته,خانوادگی - اجتماعی,1386,"['جعفر دهقان', 'چنگیز وثوقی', 'حدیث فولادوند', 'حسین سلیمانی', 'السا فیروز آذر', 'رامسین کبریتی', 'مهوش وقاری']",سید مجتبی اسدی پور,49,74%,
226,راز خانه بهجت,کمدی - خانوادگی,1393,,,1656,62%,
227,دامادی به نام صفر,کمدی - خانوادگی,1389,"['یوسف تیموری', 'احمد پورمخبر', 'سحر ولدبیگی', 'رامین ناصرنصیر', 'مهران رجبی', 'عباس محبوب']",فرشاد ارج,440,79%,
228,جنایت,خانوادگی - اجتماعی,1382,"['جمشید هاشم پور', 'میترا حجار', 'شهرام حقیقت دوست', 'مهدی میامی', 'امیر جعفری', 'میرمحمد تجدد']",محمدعلی سجادی,263,82%,
229,بابای اجباری,کمدی - خانوادگی,1388,"['حمید لولایی', 'شیرین بینا', 'رابعه اسکویی', 'یوسف صیادی', 'امیر نوری', 'احمد پورمخبر', 'کیانوش گرامی']",عباس مرادیان,1289,91%,
230,درباره الی (با زیرنویس مخصوص ناشنوایان),خانوادگی - اجتماعی,1387,"['ترانه علیدوستی', 'گلشیفته فراهانی', 'شهاب حسینی', 'مریلا زارعی', 'مانی حقیقی', 'پیمان معادی', 'رعنا آزادی ور', 'احمد مهرانفر', 'صابر ابر']",اصغر فرهادی,234,91%,8.0
231,چهار انگشت (با زیرنویس مخصوص ناشنوایان),کمدی - خانوادگی,1397,"['امیر جعفری', 'جواد عزتی', 'مونا فرجاد', 'ماییداوی وییز', 'پیمان قاسم خانی']",حامد محمدی,123,79%,3.5
232,شبی که ماه کامل شد (با زیرنویس مخصوص ناشنوایان),خانوادگی - اجتماعی,1397,"['الناز شاکردوست', 'هوتن شکیبا', 'فرشته صدر عرفایی', 'پدرام شریفی', 'امین میری', 'فرید سجادی حسینی', 'شبنم مقدمی', 'آرمین رحیمیان']",نرگس آبیار,80,89%,6.8
233,زخم کاری,اکشن - پلیسی معمایی,1399,"['محمد حاتمی', 'امیر سماواتی', 'علیرضا ساوه درودی', 'مجتبی فلاحی', 'بیتا بیگی']",محمد حمزه ای,3190,86%,
234,لارو,اکشن - پلیسی معمایی,1399,"['رضا اخلاقی راد', 'الهام نامی', 'داریوش اشرفی', 'پوریا رستمی', 'امیر پیکاک', 'فرید قبادی', 'احسان امانی']",علیرضا نسایی,1728,82%,
235,چهل و هفت,خانوادگی - اجتماعی,1396,"['لادن مستوفی', 'حمیدرضا آذرنگ', 'شقایق فراهانی', 'ریما رامین فر', 'محمدرضا غفاری', 'مهدی احمدی']",علیرضا عطاالله تبریزی,11125,69%,
236,مهریه,کمدی - خانوادگی,1397,"['رضا داوودنژاد', 'حدیث فولادوند', 'رامبد شکرآبی', 'مهران رجبی', 'سارا منجزی']",امیرحسین ماکویی,2339,69%,7.9
237,ما همه با هم هستیم (با زیرنویس مخصوص ناشنوایان),کمدی - خانوادگی,1398,"['مهران مدیری', 'لیلا حاتمی', 'پژمان جمشیدی', 'جواد عزتی', 'مهران غفوریان', 'محمدرضا گلزار', 'ویشکا آسایش', 'سروش صحت', 'مانی حقیقی', 'هانیه توسلی', 'حسن معجونی']",کمال تبریزی,473,58%,4.2
238,روسی (با زیرنویس مخصوص ناشنوایان),خانوادگی - عاشقانه,1396,"['امیرحسین ثقفی', 'امیر آقایی', 'طناز طباطبایی', 'صابر ابر', 'محمود نظرعلیان', 'حسین مسلمی', 'میثم طاهری', 'بهمن صادق حسنی', 'میلاد کی مرام', 'سپیده گلچین']",امیرحسین ثقفی,285,46%,3.2
239,خفه گی (با زیرنویس مخصوص ناشنوایان),خانوادگی - اجتماعی,1396,"['نوید محمدزاده', 'الناز شاکردوست', 'پردیس احمدیه', 'غلامحسین لطفی', 'احسان امانی', 'اسدالله یکتا', 'ماهایا پطروسیان', 'پولاد کیمیایی']",فریدون جیرانی,173,71%,5.4
240,پرویز (با زیرنویس مخصوص ناشنوایان),اکشن - پلیسی معمایی,1391,"['لوون هفتوان', 'محمود بهروزیان', 'علی رامز', 'ابوذر فرهادی', 'مهدی شیردل']",مجید برزگر,112,79%,7.2
241,آذر، شهدخت، پرویز و دیگران (با زیرنویس مخصوص ناشنوایان),کمدی - خانوادگی,1392,"['مهدی فخیم زاده', 'گوهر خیراندیش', 'مرجان شیرمحمدی', 'رامبد جوان', 'مانی حقیقی', 'نعیمه نظام دوست', 'شهین تسلیمی', 'ناهید مسلمی']",بهروز افخمی,268,86%,4.7
242,دوست قدیمی,مستند - بیوگرافی,1397,,سالار بی باک,26,73%,
243,سکوت خبری,خانوادگی - اجتماعی,1397,"['وحید نعمتی', 'آیدا مویدی', 'محمد فراهانی', 'میلاد دلان', 'شیما پروهان']",وحید نعمتی,4344,77%,
244,فانوس اوفا,مستند - بیوگرافی,1396,,مرتضی اسفندیاری,17,63%,
245,تا انتها حضور,مستند - اجتماعی,1399,,محمد صادق اسماعیلی,58,81%,
246,خون و نفت,مستند,1399,,مصطفی شوقی,167,87%,
247,استقامت کن,مستند,1398,,سینا سروش,28,78%,
248,پاپ (با زیرنویس مخصوص ناشنوایان),خانوادگی - اجتماعی,1392,"['حدیث چهره پرداز', 'مرضیه بردک نیا', 'غلامرضا فرج زاده', 'توماج پورمراد']",احسان عبدی پور,27,83%,6.8
249,مسخره باز (با زیرنویس مخصوص ناشنوایان),خانوادگی - اجتماعی,1397,"['علی نصیریان', 'صابر ابر', 'بابک حمیدیان', 'رضا کیانیان', 'داریوش موفق', 'هدیه تهرانی']",همایون غنی زاده,250,68%,6.4
250,معکوس (با زیرنویس مخصوص ناشنوایان),خانوادگی - اجتماعی,1396,"['بابک حمیدیان', 'علیرضا کمالی', 'لیلا زارع', 'شهرام حقیقت دوست', 'اکبر زنجانپور']",پولاد کیمیایی,45,77%,4.9
251,در دنیای تو ساعت چند است (با زیرنویس مخصوص ناشنوایان),خانوادگی - عاشقانه,1394,"['لیلا حاتمی', 'علی مصفا', 'زری خوشکام']",صفی یزدانیان,399,83%,7.1
252,سید رضا,مستند - اجتماعی,1395,,سازمان هنری رسانه ای اوج,83,84%,
253,اختراع آقاجون,خانوادگی - کودک,1392,"['هوشنگ حریرچیان', 'مهدی باقربیگی', 'آرمان صرامی', 'زهره فوده', 'بیژن رافعی', 'مرتضی حسینی', 'کیارش کامیاب']",میلاد جرموز,983,83%,
254,ماهرخ,خانوادگی - اجتماعی,1394,"['مهدی مقدم', 'نیلوفر شهیدی', 'آشا محرابی', 'محمود مقامی', 'مینا نوروزی', 'سیامک اشعریون', 'هما خاکپاش', 'لعیا میر نصیری']",اصغر نصیری,174,66%,
255,کاغذ پر ماجرا,خانوادگی - اجتماعی,1392,"['مهدی امینی خواه', 'امیر غفارمنش', 'شهرزاد عبدالمجید', 'عباس جمشیدی فر', 'اسدالله یکتا', 'یوسف قربانی', 'پروین میکده']",علی میری رامشه,149,69%,
256,نفس خوار,مستند - اجتماعی,1399,,سید محمد محمدی سرشت,63,81%,
257,کاغذ کاهی,مستند - اجتماعی,1398,,سازمان هنری رسانه ای اوج,81,91%,
258,نسل کشی,مستند - اجتماعی,1399,,سازمان هنری رسانه ای اوج,149,78%,
259,کربال,مستند - اجتماعی,1398,,سازمان هنری رسانه ای اوج,87,93%,
260,زمین میلرزد,مستند - سیاسی تاریخی,1397,,سازمان هنری رسانه ای اوج,34,67%,
261,بهت (با زیرنویس مخصوص ناشنوایان),خانوادگی - اجتماعی,1396,"['مهتاب کرامتی', 'رعنا آزادی ور', 'علیرضا آقاخانی', 'محمدرضا رهبری']",عباس رافعی,65,70%,4.7
262,به وقت شام (با زیرنویس مخصوص ناشنوایان),اکشن - جنگی,1396,"['بابک حمیدیان', 'هادی حجازی فر', 'لاله مرزبان', 'پیر داغر', 'رامی عطاالله', 'جوزیف سلامه', 'قدرت الله بیات']",ابراهیم حاتمی کیا,375,92%,5.5
263,داشتن یا نداشتن,مستند - پژوهشی,1378,,نیکی کریمی,1000,85%,
264,سوت پایان,خانوادگی - اجتماعی,1389,"['شهاب حسینی', 'نیکی کریمی', 'مصطفی زمانی', 'اشکان خطیبی', 'هستی مهدوی فر', 'نادر فلاح', 'آتیلا پسیانی']",نیکی کریمی,749,70%,4.9
265,چشم سوم,اکشن - پلیسی معمایی,1399,"['عطا عمرانی', 'پیام دهکردی', 'مصطفی قدیری', 'حمید رضا فراهانی', 'کامبیز بنان']",رضا دادویی,1476,70%,
266,مسلوب,خانوادگی - اجتماعی,1399,"['کوروش سلیمانی', 'محمدرضا رهبری', 'محمود مقامی', 'رضا شریف نژاد', 'امیر روشن پور', 'ایمان اسماعیلی']",عادل تبریزی,1092,79%,
267,دختر الهام,خانوادگی - اجتماعی,1399,"['میلیشیا مهدی نژاد', 'مرتضی حسنلو', 'محیا صدرزاده', 'ایران مسعودی', 'خیام وقار', 'سوگند صدیقی', 'فاطمه سلطانی نسب']",دانش اقباشاوی,2086,79%,
268,باتلاق وان,مستند - اجتماعی,1395,['رز رضوی'],مهدی گلستانیان,1529,82%,
269,زن ها فرشته اند 2 - پشت صحنه,کمدی - خانوادگی,1398,"['محمدرضا شریفی نیا', 'علی صادقی', 'نیوشا ضیغمی', 'سحر قریشی', 'نسرین مقانلو', 'میرطاهر مظلومی', 'سیروس همتی', 'مریم سعادت', 'مهتاج نجومی', 'شهین تسلیمی', 'صدیقه کیانفر']",آرش معیریان,2685,87%,
270,سازهای ناکوک,خانوادگی - اجتماعی,1398,"['هنگامه قاضیانی', 'غزل شاکری', 'حامد کمیلی', 'مرتضی ضرابی', 'احمد عربانی']",علی حضرتی,7130,62%,
271,لونه زنبور (با زیرنویس مخصوص ناشنوایان),کمدی - خانوادگی,1396,"['محسن کیایی', 'پژمان جمشیدی', 'هومن برق نورد', 'بهاره کیان افشار', 'پیام احمدی نیا', 'رعنا آزادی ور', 'فرید سجادی حسینی']",برزو نیک نژاد,247,90%,4.7
272,ما اهل کوفه هستیم,تاریخی,1399,,میلاد امینی موحد,684,80%,
273,زمان حسین,مستند - اجتماعی,1399,,میلاد امینی موحد,301,67%,
274,روزهای نارنجی,خانوادگی - اجتماعی,1396,"['هدیه تهرانی', 'علی مصفا', 'مهران احمدی', 'علیرضا استادی', 'ژیلا شاهی', 'صدف عسگری']",آرش لاهوتی,19116,82%,5.9
275,خوب، بد، جلف 2: ارتش سری (با زیرنویس مخصوص ناشنوایان),کمدی - اکشن,1398,"['سام درخشانی', 'پژمان جمشیدی', 'حامد کمیلی', 'ریحانه پارسا', 'فرهاد آئیش', 'گوهر خیراندیش', 'علی اوجی']",پیمان قاسم خانی,1038,86%,
276,کشتارگاه (با زیرنویس مخصوص ناشنوایان),خانوادگی - اجتماعی,1398,"['امیرحسین فتحی', 'مانی حقیقی', 'باران کوثری', 'حسن پورشیرازی']",عباس امینی,197,82%,5.7
277,اکسیدان (با زیرنویس مخصوص ناشنوایان),کمدی - خانوادگی,1395,"['جواد عزتی', 'امیر جعفری', 'شبنم مقدمی', 'شقایق دهقان', 'رضا بهبودی', 'لیندا کیانی']",حامد محمدی,165,86%,5.3
278,کاتیوشا (با زیرنویس مخصوص ناشنوایان),کمدی - خانوادگی,1396,"['هادی حجازی فر', 'احمد مهرانفر', 'لیلا اوتادی', 'میترا حجار', 'بیژن بنفشه خواه', 'ارژنگ امیرفضلی']",علی عطشانی,332,87%,4.2
279,ماجرای نیمروز 2 : رد خون (با زیرنویس مخصوص ناشنوایان),اکشن - ماجراجویی,1397,"['محسن کیایی', 'بهنوش طباطبایی', 'جواد عزتی', 'هادی حجازی فر', 'هستی مهدوی فر', 'مهدی زمین پرداز', 'حسین مهری', 'امیرحسین هاشمی']",محمدحسین مهدویان,302,90%,6.4
280,ماجرای نیمروز (با زیرنویس مخصوص ناشنوایان),اکشن - ماجراجویی,1395,"['مهرداد صدیقیان', 'احمد مهرانفر', 'هادی حجازی فر', 'مهدی زمین پرداز', 'لیندا کیانی', 'حسین مهری', 'جواد عزتی', 'مهدی پاکدل', 'امیرحسین هاشمی']",محمدحسین مهدویان,331,95%,6.8
281,درساژ (با زیرنویس مخصوص ناشنوایان),خانوادگی - اجتماعی,1396,"['علی مصفا', 'شبنم مقدمی', 'یسنا میرطهماسب', 'نگار مقدم', 'لطف الله سیفی']",پویا بادکوبه,76,68%,5.6
282,زیرنظر (با زیرنویس مخصوص ناشنوایان),کمدی - خانوادگی,1397,"['رضا عطاران', 'امیر جعفری', 'مهران احمدی', 'سروش جمشیدی', 'آزاده صمدی', 'سامیه لک', 'امیر نوری']",مجید صالحی,407,82%,4.9
283,مطرب (با زیرنویس مخصوص ناشنوایان),کمدی - خانوادگی,1398,"['پرویز پرستویی', 'الناز شاکردوست', 'محسن کیایی', 'مهران احمدی', 'حسین امیدی', 'عایشه گل جوشکن', 'امین مقدم', 'محمدسام یوسفی']",مصطفی کیایی,279,86%,4.4
284,طلا (با زیرنویس مخصوص ناشنوایان),خانوادگی - اجتماعی,1397,"['نگار جواهریان', 'هومن سیدی', 'طناز طباطبایی', 'هدی زین العابدین', 'مهرداد صدیقیان', 'احترام برومند']",پرویز شهبازی,252,86%,5.3
285,حکایت دریا (با زیرنویس مخصوص ناشنوایان),خانوادگی - اجتماعی,1395,"['علی نصیریان', 'داریوش اسدزاده', 'فاطمه معتمدآریا', 'لیلا حاتمی', 'علی مصفا', 'پانته آ پناهی ها', 'مریم بوبانی', 'صابر ابر', 'بهمن فرمان آرا']",بهمن فرمان آرا,85,78%,4.7
286,مهمانخانه ماه نو (با زیرنویس مخصوص ناشنوایان),خانوادگی - اجتماعی,1397,"['مهناز افشار', 'ماساتوشی ناگاسه', 'لاله مرزبان', 'علی شادمان']",تاکفومی تسوتسویی,83,73%,
287,عصر جمعه (با زیرنویس مخصوص ناشنوایان),خانوادگی - اجتماعی,1384,"['هانیه توسلی', 'مهرداد صدیقیان', 'رامین راستاد']",مونا زندی حقیقی,95,81%,6.1
288,تگزاس 2 (با زیرنویس مخصوص ناشنوایان),کمدی - خانوادگی,1398,"['مهدی هاشمی', 'سام درخشانی', 'پژمان جمشیدی', 'ژاله صامتی', 'گابریلا پتری', 'بهرنگ علوی', 'رضا ناجی', 'امید روحانی', 'آدریانو تولوزا', 'نادر سلیمانی', 'تی آگو متوس']",سید مسعود اطیابی,493,88%,4.1
289,قصر شیرین (با زیرنویس مخصوص ناشنوایان),خانوادگی - اجتماعی,1397,"['حامد بهداد', 'ژیلا شاهی', 'یونا تدین', 'نیوشا علیپور']",رضا میر کریمی,123,85%,6.6
290,متری شیش و نیم (با زیرنویس مخصوص ناشنوایان),اکشن - پلیسی معمایی,1397,"['پیمان معادی', 'نوید محمدزاده', 'پریناز ایزدیار', 'فرهاد اصلانی', 'هومن کیایی', 'مازیار سیدی']",سعید روستایی,432,93%,8.0
291,درخونگاه (با زیرنویس مخصوص ناشنوایان),خانوادگی - اجتماعی,1396,"['امین حیایی', 'ژاله صامتی', 'مهراوه شریفی نیا', 'محمود جعفری', 'منصور شهبازی', 'فاطمه مرتاضی', 'افشین سنگ چاپ', 'جمشید هاشم پور', 'نادر فلاح', 'پانته آ پناهی ها']",سیاوش اسعدی,645,89%,5.8
292,قسم (با زیرنویس مخصوص ناشنوایان),خانوادگی - اجتماعی,1397,"['مهناز افشار', 'سعید آقاخانی', 'حسن پورشیرازی', 'مهران احمدی', 'حسین ملکی', 'گیتی معینی', 'سامان ارسطو']",محسن تنابنده,177,92%,6.3
293,آشفته گی (با زیرنویس مخصوص ناشنوایان),خانوادگی - اجتماعی,1397,"['بهرام رادان', 'مهناز افشار', 'نازنین صلح جو', 'نسیم ادبی']",فریدون جیرانی,248,61%,3.8
294,میلیونر میامی (با زیرنویس مخصوص ناشنوایان),کمدی - خانوادگی,1395,"['حمید فرخ نژاد', 'علی قربان زاده', 'طناز طباطبایی', 'صابر ابر', 'افسانه بایگان', 'آتیلا پسیانی']",سعید ملکان,89,68%,3.7
295,هفت و نیم (با زیرنویس مخصوص ناشنوایان),خانوادگی - اجتماعی,1397,"['ندا جبرائیلی', 'هستی مهدوی فر', 'آناهیتا افشار', 'فرشته حسینی', 'شیدا خلیق', 'افسانه کمالی', 'محمدرضا غفاری', 'علیرضا کمالی', 'حسین مهری']",نوید محمودی,200,82%,6.3
296,خروج (با زیرنویس مخصوص ناشنوایان),خانوادگی - اجتماعی,1398,"['فرامرز قریبیان', 'پانته آ پناهی ها', 'جهانگیر الماسی', 'سام قریبیان', 'کامبیز دیرباز', 'گیتی قاسمی', 'محمدرضا شریفی نیا', 'محمد فیلی', 'مهدی فقیه', 'رامین پورایمان', 'محسن صادقی نسب', 'آتش تقی پور', 'اکبر رحمتی', 'حمید ابراهیمی']",ابراهیم حاتمی کیا,589,92%,5.1
297,آپارتمان آقای هنرپیشه (با زیرنویس مخصوص ناشنوایان),خانوادگی - اجتماعی,1394,"['فتحعلی اویسی', 'کیانوش گرامی', 'مهران رجبی', 'افشین سنگ چاپ', 'علی اصغر طبسی', 'اصغر حیدری', 'عزت الله رمضانی فر', 'یوسف قربانی', 'فریبا نادری', 'جواد زیتونی']",سید محمدرضا رئیسی,34,60%,
298,همسفران جابر,مستند - سیاسی تاریخی,1396,,سازمان هنری رسانه ای اوج,150,85%,
299,میهمان,مستند - سیاسی تاریخی,1396,,سازمان هنری رسانه ای اوج,86,78%,
300,از کاراکاس به کربلا,مستند - سیاسی تاریخی,1397,,سازمان هنری رسانه ای اوج,193,74%,
301,روز چهلم,مستند - سیاسی تاریخی,1397,,سازمان هنری رسانه ای اوج,91,74%,
302,خط سرخ,مستند - سیاسی تاریخی,1395,,سازمان هنری رسانه ای اوج,67,73%,
303,حلقه عاشقان,مستند - سیاسی تاریخی,1396,,سازمان هنری رسانه ای اوج,317,81%,
304,نعره حیدری,مستند - سیاسی تاریخی,1398,,سازمان هنری رسانه ای اوج,107,91%,
305,موکب مهر - میزبان,مستند - سیاسی تاریخی,1395,,سازمان هنری رسانه ای اوج,87,84%,
306,موکب مهر - تصحیح فاتحه,مستند - سیاسی تاریخی,1395,,سازمان هنری رسانه ای اوج,83,74%,
307,لیوان بین الحرمین,مستند - سیاسی تاریخی,1396,,سازمان هنری رسانه ای اوج,575,90%,
308,جرم یحیی,مستند - سیاسی تاریخی,1397,,سازمان هنری رسانه ای اوج,274,76%,
309,جاروهای بیصدا,مستند - سیاسی تاریخی,1396,,مجید فرجی عشق آباد,68,79%,
310,پیشکش ایرانی,مستند - سیاسی تاریخی,1398,,مجتبی رضوانی,160,90%,
311,از استکهلم تا کربلا,مستند - سیاسی تاریخی,1394,,محمد علی سجادی,323,81%,
312,ابوحسین,مستند - سیاسی تاریخی,1394,,سازمان هنری رسانه ای اوج,70,85%,
313,بی آب و نان...بیابان,مستند - پژوهشی,1397,"['علی اوسیوند', 'احمد ذبیحی', 'امیرحسین مهران جو', 'رسول نقیبیان', 'حسن ملائی']",مهدی گلستانیان,386,81%,
314,تا ابد,خانوادگی - اجتماعی,1398,"['محسن کیایی', 'میلاد کی مرام', 'مهرداد صدیقیان', 'بهرنگ علوی', 'ترلان پروانه']",امید امین نگارشی,9050,45%,
315,حس خوب زندگی,خانوادگی - اجتماعی,1395,"['علی انصاریان', 'حدیث فولادوند', 'نیما شاهرخ شاهی', 'فریبا نادری', 'علی پروین']",فرناز امینی,2231,80%,
316,عشق نیکان,خانوادگی - اجتماعی,1394,"['محمدرضا شیرخانلو', 'ملیکا شریفی نیا', 'نیما شاهرخ شاهی', 'علی کاظمی', 'سولماز حصاری', 'روشنک عجمیان']",فرناز امینی,1231,81%,
317,پل,فیلم کوتاه - انیمیشن,1395,,نوید تنظیفیان,52,82%,
318,بی حسی موضعی,خانوادگی - اجتماعی,1397,"['پارسا پیروزفر', 'سهیل مستجابیان', 'باران کوثری', 'حسن معجونی', 'حبیب رضایی']",حبیب رضایی,22783,59%,
319,جاده فرعی,خانوادگی - اجتماعی,1396,"['امیر رضا دلاوری', 'مارال فرجاد', 'عرفان اکبری', 'سعید بزمی پور', 'شاهرخ استخری']",پندار اکبری,2658,57%,
320,دوئت,عاشقانه - خانوادگی,1394,"['هدیه تهرانی', 'علی مصفا', 'نگار جواهریان', 'پانته آ پناهی ها', 'علیرضا آقاخانی', 'مرتضی فرشباف', 'مهسا طهماسبی']",نوید دانش,22473,47%,7.1
321,رضا,خانوادگی - عاشقانه,1396,"['علیرضا معتمدی', 'سحر دولتشاهی', 'رضا داوودنژاد', 'ستاره پسیانی', 'افسر اسدی']",علیرضا معتمدی,15672,63%,5.4
322,یه شام خوب,خانوادگی - اجتماعی,1394,"['لیلا اوتادی', 'هومن برق نورد', 'اشکان خطیبی', 'بهنام تشکر', 'اسماعیل سلطانیان']",مهدی مظلومی,728,60%,
323,یک بام و دو هوا,کمدی - خانوادگی,1388,"['محمد کاسبی', 'یوسف تیموری', 'فریبا نادری', 'رضا داوودنژاد', 'امیر نوری', 'داوود فتحعلی بیگی', 'شهین تسلیمی', 'رضا شفیعی جم']",یوسف تیموری,449,77%,
324,خون مردگی,مستند - اجتماعی,1392,,محمد کارت,4795,92%,
325,ساعت ۲۵,خانوادگی - اجتماعی,1385,"['امین تارخ', 'سید علی طباطبایی', 'پریوش نظریه', 'افسانه چهره آزاد', 'شاهرخ فروتنیان']",مسعود آب پرور,291,86%,
326,دو برادر,کمدی - خانوادگی,1389,"['بهنوش بختیاری', 'خشایار راد', 'کیانوش گرامی', 'عباس فکری', 'عباس محبوب']",محسن منشی زاده,827,82%,
327,تابستان عزیز,خانوادگی - اجتماعی,1388,"['رابعه مدنی', 'سروش صحت', 'مهران رجبی', 'صابر ابر']",امیرشهاب رضویان,275,84%,
328,بی بی خاتون,خانوادگی - اجتماعی,1388,"['پروانه معصومی', 'رسول نجفیان', 'افسر اسدی', 'عاطفه رضوی', 'علی قربان زاده', 'رز رضوی']",شهره لرستانی,160,79%,
329,سد در سد,مستند - اجتماعی,1399,,محمدجواد رئیسی,164,94%,
330,در جستجوی تاریخ گمشده,مستند - اجتماعی,1398,,ساسان فلاح فر,32,80%,
331,یک بقچه توهم,خانوادگی - کمدی,1389,"['طناز طباطبایی', 'امیررضا وزیری', 'فرزین محدث', 'امیر غفارمنش', 'فردوس کاویانی']",کیومرث پوراحمد,48,75%,
332,آنا,مستند - سیاسی تاریخی,1393,,هادی حاجتمند,283,93%,
333,گردان قاطریزه,مستند - سیاسی تاریخی,1395,,مجتبی خیام الحسینی,506,95%,
334,والفجر,مستند - سیاسی تاریخی,1395,,مجتبی خیام الحسینی,193,85%,
335,از کردستان تا حلب,مستند - بیوگرافی,1397,,اصغر بختیاری,283,88%,
336,کوچه نقاش ها,مستند - بیوگرافی,1393,,مهدی مطهر,147,91%,
337,زمانی برای دیدن,مستند - بیوگرافی,1396,,حبیب باقرزاده,150,85%,
338,مهتاب,خانوادگی - اجتماعی,1393,"['مهتاب دهقان', 'ماهان دهقان', 'مرتضی ریحانی', 'حمید زائدی', 'رژین نیکو مهر']",وحید پاکزاد,152,66%,
339,اشک و سکوت,خانوادگی - اجتماعی,1390,"['لیلا بوشهری', 'زهرا اویسی', 'مینا جعفرزاده', 'کامران باختر', 'هما خاکپاش']",اصغر نصیری,346,59%,
340,کات کلانتری,کمدی - خانوادگی,1389,"['یوسف تیموری', 'مهدی صبایی', 'شراره رخام', 'نفیسه روشن', 'امیر نوری']",علی میری رامشه,708,75%,
341,قدرت عشق,خانوادگی - اجتماعی,1388,"['سیدجواد هاشمی', 'کاوه سماک باشی', 'مرتضی افضلی', 'پرستو نصرتی', 'سبا مهاجری']",علی میری رامشه,68,72%,
342,ملاقات محرمانه خانم و آقا,فیلم کوتاه - داستانی,1397,"['شیرین اسماعیلی', 'نیما نادری', 'محمدهادی عطایی', 'سایه قاسمی', 'ونوشه واحدی']",هاشم عطار,3781,89%,
343,مأموریت فرخنده,خانوادگی - کمدی,1389,"['طناز طباطبایی', 'فرزین محدث', 'امیررضا وزیری', 'فردوس کاویانی', 'امیر غفارمنش']",کیومرث پوراحمد,67,80%,5.7
344,کبوتران خسته,خانوادگی - کمدی,1389,"['طناز طباطبایی', 'فرزین محدث', 'علی اوسیوند', 'امیر غفارمنش', 'امیررضا وزیری']",کیومرث پوراحمد,56,72%,5.7
345,هی هو,فیلم کوتاه - داستانی,1397,"['روشنک گرامی', 'کیوان ساکت اُف', 'علیرضا استادی', 'منصور عربی']",امیرسجاد حسینی,2030,77%,
346,قهر و آشتی,خانوادگی - کمدی,1389,"['طناز طباطبایی', 'فرزین محدث', 'امیر غفارمنش', 'فردوس کاویانی', 'امیررضا وزیری']",کیومرث پوراحمد,66,77%,5.7
347,قصه گمشده,خانوادگی - کمدی,1389,"['طناز طباطبایی', 'فردوس کاویانی', 'امیررضا وزیری', 'فرزین محدث', 'امیر غفارمنش']",کیومرث پوراحمد,73,74%,5.7
348,عنکبوت,خانوادگی - اجتماعی,1387,"['رسول توكلی', 'بهمن دان', 'پوراندخت مهیمن', 'مانا بهرامی', 'نسترن سورانی']",سیدمحمدرضا ممتاز,145,72%,
349,طبل بزرگ زیر پای چپ,تاریخی,1383,"['حسین محجوب', 'حمید فرخ نژاد', 'بابک حمیدیان']",کاظم معصومی,429,76%,
350,هایلایت,خانوادگی - اجتماعی,1396,"['پژمان بازغی', 'آزاده زارعی', 'جمشید هاشم پور', 'سام قریبیان', 'الهه حصاری', 'ساسان سالور']",اصغر نعیمی,18385,67%,
351,شبی با ستاره ها,خانوادگی - اجتماعی,1393,"['نوید محمدزاده', 'عزت الله انتظامی', 'رضا عطاران', 'فرامرز قریبیان', 'بهاره رهنما']",حمید رضا طالبی,275,84%,
352,محله من,خانوادگی - اجتماعی,1388,"['محسن افشانی', 'شهنام شهابی', 'کیمیا باباییان', 'کامران تفتی', 'پوراندخت مهیمن']",محسن ربیعی,68,70%,
353,شب سگی، معجزه صبح,خانوادگی - کمدی,1389,"['طناز طباطبایی', 'امیر آقایی', 'فرزین محدث', 'امیررضا وزیری', 'امیر غفارمنش']",کیومرث پوراحمد,138,73%,5.7
354,سراسر شب,خانوادگی - اجتماعی,1396,"['الناز شاکردوست', 'امیر جعفری', 'افسانه چهره آزاد', 'سینا حجازی', 'آزاده صمدی', 'امیرحسام شجاعی', 'محمدمهدی سلطانی سروستانی', 'سحر نظام دوست']",فرزاد موتمن,6129,50%,4.0
355,پاپ,خانوادگی - اجتماعی,1392,"['حدیث چهره پرداز', 'مرضیه بردک نیا', 'غلامرضا فرج زاده', 'توماج پورمراد']",احسان عبدی پور,3067,90%,6.8
356,گزارش گمانه های یک ذهن,کمدی - خانوادگی,1391,"['علی قیومی', 'محسن قاضی مرادی', 'الهه خوشکام', 'سیف الله نامداری', 'رضا بینا']",وحید پاکزاد,151,66%,
357,رویا,خانوادگی - اجتماعی,1386,"['علی دهکردی', 'مریم کاویانی', 'فرانک فرهنگ', 'غزاله جزایری', 'اکبر وارث']",فریدون خسروی قلعه شاهرخی,117,71%,
358,سلام,خانوادگی - کودک,1382,"['علی دهکردی', 'میترا کرمی', 'سپهر آزادی', 'جواد صدیقی', 'مهدی ثانی']",جواد ارشاد,62,73%,
359,سوگواری صمیمانه,خانوادگی - کمدی,1389,"['طناز طباطبایی', 'فرزین محدث', 'فردوس کاویانی', 'امیررضا وزیری', 'امیر غفارمنش']",کیومرث پوراحمد,70,62%,5.7
360,زندگینامه مستند فاضل اجبوری,مستند - بیوگرافی,1388,"['محمود پاک نیت', 'آتش تقی پور', 'حسن اکلیلی', 'احسان اکلیلی', 'مهوش صبرکن']",میلاد سهایی,76,86%,
361,روز از نو,خانوادگی - اجتماعی,1387,"['امیر آقایی', 'مهدی باقربیگی', 'معصومه میرحسینی', 'علی اکبری', 'علی ترابی']",مهرداد پوراحمد,284,82%,
362,دوربین نه چندان مخفی,خانوادگی - کمدی,1389,"['طناز طباطبایی', 'فرزین محدث', 'امیررضا وزیری', 'فردوس کاویانی', 'امیر غفارمنش']",کیومرث پوراحمد,91,69%,5.7
363,دو برادر دو زن,خانوادگی - کمدی,1389,"['طناز طباطبایی', 'امیر غفارمنش', 'فرزین محدث', 'امیررضا وزیری', 'فردوس کاویانی']",کیومرث پوراحمد,260,67%,5.7
364,خروس بی محل,کمدی - خانوادگی,1388,"['الیزابت امینی', 'مجید حسن زاده', 'فائزه جودتی', 'سهیلا خلانلویی', 'فاطمه پهلوان', 'ترلان پروانه', 'رضا شفیعی جم', 'مرتضی ضرابی', 'جواد زینعلی']",حسین قاسمی جامی,4447,89%,
365,حلقه های ازدواج,خانوادگی - اجتماعی,1388,"['مجید صالحی', 'رضا شفیعی جم', 'مهران غفوریان', 'شهره لرستانی', 'بهنوش بختیاری', 'مهران رجبی', 'کیومرث ملک مطیعی', 'جلیل فرجاد', 'محمد شیری', 'کیانوش گرامی', 'مریم سلطانی', 'شهناز شهبازی']",شاهین باباپور,1699,92%,
366,تولد جنجالی,خانوادگی - کمدی,1394,"['شقایق فراهانی', 'کامران تفتی', 'رز رضوی', 'زهره حمیدی', 'مهدی الیاسی', 'فریبا طالبی', 'ساناز حاجیلو']",شهره لرستانی,926,59%,
367,ته توی قضایا از دو طرف,خانوادگی - کمدی,1389,"['طناز طباطبایی', 'امیررضا وزیری', 'فرزین محدث', 'فردوس کاویانی', 'امیر غفارمنش']",کیومرث پوراحمد,83,65%,5.7
368,تخمه ژاپنی,خانوادگی - کمدی,1389,"['طناز طباطبایی', 'امیررضا وزیری', 'فرزین محدث', 'فردوس کاویانی', 'امیر غفارمنش']",کیومرث پوراحمد,120,72%,5.7
369,پشت صحنه رجب آرتیست می شود,کمدی - خانوادگی,1389,"['سحر قریشی', 'نیما شاهرخ شاهی', 'محمد شیری', 'شهین تسلیمی', 'سحر ترابی']",اسماعیل کردی,117,72%,
370,رجب آرتیست می شود,کمدی - خانوادگی,1392,"['سحر قریشی', 'نیما شاهرخ شاهی', 'شهین تسلیمی', 'محمد شیری', 'سحر ترابی']",کیوان صادقی,1132,62%,
371,ت مثل تقلب,خانوادگی - کمدی,1389,"['طناز طباطبایی', 'فردوس کاویانی', 'فرزین محدث', 'امیر غفارمنش', 'امیررضا وزیری']",کیومرث پوراحمد,87,71%,5.7
372,18-,خانوادگی - اجتماعی,1386,"['شهرام پوراسد', 'فرهاد مهادیان', 'میترا معرفت', 'روناک یونسی', 'مهدی مقدم', 'کاوه سماک باشی', 'ملکه رنجبر']",اصغر نصیری,290,73%,
373,پرستوهای عاشق,خانوادگی - عاشقانه,1389,"['آنا نعمتی', 'حامد کمیلی', 'مرتضی حسینی', 'نیوشا ضیغمی', 'یوسف تیموری', 'مژگان مظفری']",فریال بهزاد,1112,86%,4.3
374,پادرازی,خانوادگی - کمدی,1389,"['طناز طباطبایی', 'فرزین محدث', 'امیر غفارمنش', 'فردوس کاویانی', 'رضا کیانیان']",کیومرث پوراحمد,78,80%,5.7
375,بی ستون چهل ستون,خانوادگی - کمدی,1389,"['طناز طباطبایی', 'امیر غفارمنش', 'فردوس کاویانی', 'فرزین محدث', 'اکبر عبدی']",کیومرث پوراحمد,53,78%,5.7
376,بازی در بازی,خانوادگی - کمدی,1389,"['طناز طباطبایی', 'مهرانه مهین ترابی', 'امیر غفارمنش', 'اکبر عبدی', 'رضا کیانیان']",کیومرث پوراحمد,87,80%,5.7
377,بابای دوست داشتنی,خانوادگی - اجتماعی,1391,"['اردلان شجاع كاوه', 'نادر سلیمانی', 'رابعه اسکویی', 'حسین معلومی', 'لیلا لطیفی']",شاهین باباپور,232,82%,
378,آن روی سکه,خانوادگی - کمدی,1389,"['طناز طباطبایی', 'اکبر عبدی', 'امیر غفارمنش', 'مهرانه مهین ترابی', 'رضا کیانیان', 'ثریا قاسمی']",کیومرث پوراحمد,58,78%,5.7
379,آقا اجازه,خانوادگی - اجتماعی,1389,"['امیررضا وزیری', 'طناز طباطبایی', 'فرزین محدث', 'رضا بابک', 'امیر غفارمنش']",کیومرث پوراحمد,59,79%,5.7
380,آبگوشت مکبث,خانوادگی - کمدی,1389,"['طناز طباطبایی', 'اکبر عبدی', 'رضا کیانیان', 'مهرانه مهین ترابی', 'ثریا قاسمی']",کیومرث پوراحمد,82,68%,5.7
381,آب و آئینه,خانوادگی - اجتماعی,1393,"['بابک انصاری', 'حسن مکاریان', 'آناهیتا هولت هوفر', 'نجمه یزدی نژاد', 'امیررضا وزیری']",پوریا آذربایجانی,45,77%,
382,در سکوت,خانوادگی - اجتماعی,1394,"['فاطمه معتمدآریا', 'سعید پورصمیمی', 'ویشکا آسایش', 'سوگل خلیق', 'احترام برومند', 'پانته آ پناهی ها', 'محمدرضا غفاری', 'علیرضا کمالی']",ژرژ هاشم زاده,13210,82%,5.3
383,علمدار,خانوادگی - اجتماعی,1385,"['کامران باختر', 'حسین معلومی', 'مجید میرزاییان', 'عنایت بخشی', 'سعید نوری']",حسین بلنده,60,67%,
384,تپلی,خانوادگی - کودک,1389,"['بهنام قربانی', 'چنگیز وثوقی', 'فلور نظری', 'رضا حقیقی', 'ابوذر جلالی']",هوشنگ درویش پور,816,86%,
385,تنبل قهرمان,خانوادگی - کودک,1380,"['محمدرضا کسرایی', 'سپهر آزادی', 'محمود اردلان', 'خسرو احمدی', 'منوچهر آذری']",بهروز غریب پور,474,84%,
386,همکلاس,خانوادگی - اجتماعی,1380,"['علی قربان زاده', 'رامبد شکرآبی', 'حدیث فولادوند', 'پرستو صالحی', 'غلامعلی برجسته']",سعید خورشیدیان,223,75%,
387,دل های شیشه ای,خانوادگی - اجتماعی,1387,"['فرهاد مهادیان', 'آزیتا لاچینی', 'سعید شیخ زاده', 'هما خاکپاش', 'حجت الاسلام سیدمحمد حسینی']",سید مهدی نهاوندی,70,76%,
388,آدم باش، آدم,خانوادگی - اجتماعی,1389,"['امیررضا وزیری', 'طناز طباطبایی', 'فرزین محدث', 'مالک سراج', 'امیر غفارمنش', 'سولماز حصاری', 'سینا حسنی']",کیومرث پوراحمد,80,74%,5.7
389,ایستگاه اتمسفر,خانوادگی - اجتماعی,1395,"['محسن کیایی', 'آناهیتا افشار', 'سوگل قلاتیان', 'بابک بهشاد', 'رها خدایاری', 'ژاله صامتی', 'شاهرخ فروتنیان', 'رؤیا افشار']",مهدی جعفری,31147,87%,5.6
390,گیلدا,خانوادگی - اجتماعی,1395,"['مهناز افشار', 'حامد کمیلی', 'سیاوش مفیدی', 'هادی حجازی فر', 'حمیدرضا پگاه', 'رضا شفیعی جم', 'مهدیار عزیزی', 'مرتضی اسماعیل کاشی', 'سعید چنگیزیان', 'فرخ نعمتی']",امید بنکدار,12718,52%,3.8
391,حوا، مریم، عایشه,خانوادگی - اجتماعی,1398,"['Arezoo Ariapoor', 'Fereshta Afshar', 'Hasiba Ebrahimi']",Sahraa Karimi,4203,83%,6.1
392,زن ها فرشته اند 2,کمدی - خانوادگی,1398,"['محمدرضا شریفی نیا', 'نیوشا ضیغمی', 'سحر قریشی', 'نسرین مقانلو', 'میرطاهر مظلومی', 'سیروس همتی', 'مریم سعادت', 'مهتاج نجومی', 'شهین تسلیمی', 'صدیقه کیانفر', 'علی صادقی']",آرش معیریان,67253,83%,2.7
393,قبل رسیدنتون,فیلم کوتاه - داستانی,1399,"['رسول ادهمی', 'وحید عبدالحسینی', 'سعیده رودبارکی', 'مونا موسوی', 'سینا مهراد']",حامد وقاری,3782,85%,
394,خانه ای که ما را نداشت,فیلم کوتاه - داستانی,1399,"['ساغر سعادتی', 'سید علی مصطفوی']",میثم قره بلاغی,1009,44%,
395,به خاطر نیار,فیلم کوتاه - داستانی,1399,"['مهری آل آقا', 'شاهین خواجوی نژاد', 'ارسلان خوش نژاد', 'کامبیز مشیری', 'پریا طاهری']",حامد وقاری,308,59%,
396,دلشوره,خانوادگی - اجتماعی,1386,"['مجید مشیری', 'امیرمحمد زند', 'کوروش سلیمانی', 'معصومه میرحسینی', 'ملیکا طباخی']",مهرداد پوراحمد,81,74%,
397,ماراتن در قفس,خانوادگی - اجتماعی,1386,"['حسین شهریاری', 'زهره علیپور', 'داریوش بابائیان', 'بهرام سپهری']",نازنین شفیعیان,33,83%,
398,مرد حنجره طلایی,خانوادگی - اجتماعی,1382,,بهروز خلجی,159,90%,
399,لاک پشت,اکشن - هیجان انگیز,1375,"['جمشید هاشم پور', 'کتایون ریاحی', 'محمود پاک نیت', 'یوسف مرادیان', 'شهرام پوراسد']",علی شاه حاتمی,531,88%,5.8
